{
    "component": true,
    "usingComponents": {
        "custom": "/components/custom/custom",
        "goods": "/components/goods/goods",
        "custom-textarea": "/components/custom-textarea/custom-textarea",
        "van-row": "../../miniprogram_npm/@vant/weapp/row/index",
        "van-col": "../../miniprogram_npm/@vant/weapp/col/index",
        "van-button": "../../miniprogram_npm/@vant/weapp/button/index",
        "van-picker": "../../miniprogram_npm/@vant/weapp/picker/index",
        "van-loading": "../../miniprogram_npm/@vant/weapp/loading/index",
        "van-overlay": "../../miniprogram_npm/@vant/weapp/overlay/index",
        "van-action-sheet": "../../miniprogram_npm/@vant/weapp/action-sheet/index",
        "van-notify": "../../miniprogram_npm/@vant/weapp/notify/index",
        "van-dialog": "../../miniprogram_npm/@vant/weapp/dialog/index",
        "van-collapse": "../../miniprogram_npm/@vant/weapp/collapse/index",
        "van-collapse-item": "../../miniprogram_npm/@vant/weapp/collapse-item/index",
        "van-popup": "../../miniprogram_npm/@vant/weapp/popup/index",
        "van-sticky": "/miniprogram_npm/@vant/weapp/sticky/index",
        "recommend-card": "/components/cards/recommend-card",
        "van-field": "../../miniprogram_npm/@vant/weapp/field/index",
        "camp-share": "/components/share-sheet/camp-share",
        "push-popup": "/components/push-popup/push-popup",
        "course-lesson-scroll": "/components/cards/course-lesson-scroll/index",
        "course-lesson-cards": "/components/cards/course-lesson-cards/index",
        "bg-settings-sheet": "/components/popups/bg-settings-sheet/index"
    }
}