{
    "usingComponents": {
        "go-app": "/components/common/goApp/index",
        "vip-dialog": "/components/common/vip/dialog/index",
        "uniml2canvas": "/components/common/uniml2canvas/uniml2canvas",
        "list-item": "/components/voice/listItem",
        "practice-cover": "/components/exercise/practiceCover/practiceCover",
        "get-user-info": "/components/common/getUserInfo/getUserInfo",
        "book-player-bar": "/components/common/bookPlayerBar/bookPlayerBar",
        "page-header": "/components/common/pageHeader/index"
    }
}