{
    "navigationBarTitleText": "",
    "navigationStyle": "custom",
    "navigationBarTextStyle": "white",
    "backgroundColor": "#f7f7f7",
    "usingComponents": {
        "go-app": "/components/common/goApp/index",
        "uniml2canvas": "/components/common/uniml2canvas/uniml2canvas",
        "uni-badge": "/components/common/uni-badge/uni-badge",
        "get-user-info": "/components/common/getUserInfo/getUserInfo",
        "book-player-bar": "/components/common/bookPlayerBar/bookPlayerBar",
        "page-header": "/components/common/pageHeader/index",
        "vip-dialog": "/components/common/vip/dialog/index"
    }
}