{
    "usingComponents": {
        "clock-in": "/pages/practiceComplete/components/clockIn",
        "step": "/components/meditation/step/index",
        "practice-feelings-in-detail": "/components/meditation/practiceFeelingsInDetail/index",
        "go-app": "/components/common/goApp/index",
        "get-user-info": "/components/common/getUserInfo/getUserInfo",
        "book-player-bar": "/components/common/bookPlayerBar/bookPlayerBar",
        "page-header": "/components/common/pageHeader/index",
        "vip-dialog": "/components/common/vip/dialog/index"
    }
}