{
    "navigationStyle": "custom",
    "usingComponents": {
        "voice": "/pages/explore/components/voice",
        "recommend": "/pages/explore/components/recommend",
        "meditation-list": "/pages/explore/components/meditationList",
        "get-user-info": "/components/common/getUserInfo/getUserInfo",
        "book-player-bar": "/components/common/bookPlayerBar/bookPlayerBar",
        "page-header": "/components/common/pageHeader/index",
        "vip-dialog": "/components/common/vip/dialog/index"
    }
}