{
    "navigationStyle": "custom",
    "usingComponents": {
        "step-wrapper": "/components/meditation/step/stepWrapper",
        "loading-icon": "/components/meditation/playerBarLoading/playerBar-loading",
        "confirm": "/components/meditation/confirm/index",
        "get-user-info": "/components/common/getUserInfo/getUserInfo",
        "book-player-bar": "/components/common/bookPlayerBar/bookPlayerBar",
        "page-header": "/components/common/pageHeader/index",
        "vip-dialog": "/components/common/vip/dialog/index"
    }
}