{
    "navigationStyle": "custom",
    "navigationBarTextStyle": "white",
    "usingComponents": {
        "timing": "/pages/voicePlay/components/timing",
        "uni-popup": "/components/common/uni-popup/uni-popup",
        "voice-list": "/pages/voicePlay/components/voiceList",
        "loading-icon": "/components/meditation/playerBarLoading/playerBar-loading",
        "dialog-box": "/components/common/dialogBox",
        "get-user-info": "/components/common/getUserInfo/getUserInfo",
        "book-player-bar": "/components/common/bookPlayerBar/bookPlayerBar",
        "page-header": "/components/common/pageHeader/index",
        "vip-dialog": "/components/common/vip/dialog/index"
    }
}