{
    "component": true,
    "usingComponents": {
        "practice-other-info": "/components/common/practiceOtherInfo",
        "practice-info": "/components/common/practiceInfo/index",
        "list-item": "/components/voice/listItem",
        "get-user-info": "/components/common/getUserInfo/getUserInfo",
        "book-player-bar": "/components/common/bookPlayerBar/bookPlayerBar",
        "page-header": "/components/common/pageHeader/index",
        "vip-dialog": "/components/common/vip/dialog/index"
    }
}