{
    "component": true,
    "usingComponents": {
        "van-info": "../info/index",
        "bg-settings-sheet": "/components/popups/bg-settings-sheet/index",
        "camp-share": "/components/share-sheet/camp-share",
        "course-lesson-cards": "/components/cards/course-lesson-cards/index",
        "course-lesson-scroll": "/components/cards/course-lesson-scroll/index",
        "custom": "/components/custom/custom",
        "custom-textarea": "/components/custom-textarea/custom-textarea",
        "goods": "/components/goods/goods",
        "push-popup": "/components/push-popup/push-popup",
        "recommend-card": "/components/cards/recommend-card",
        "van-action-sheet": "/./miniprogram_npm/@vant/weapp/action-sheet/index",
        "van-button": "/./miniprogram_npm/@vant/weapp/button/index",
        "van-col": "/./miniprogram_npm/@vant/weapp/col/index",
        "van-collapse": "/./miniprogram_npm/@vant/weapp/collapse/index",
        "van-collapse-item": "/./miniprogram_npm/@vant/weapp/collapse-item/index",
        "van-dialog": "/./miniprogram_npm/@vant/weapp/dialog/index",
        "van-field": "/./miniprogram_npm/@vant/weapp/field/index",
        "van-loading": "/./miniprogram_npm/@vant/weapp/loading/index",
        "van-notify": "/./miniprogram_npm/@vant/weapp/notify/index",
        "van-overlay": "/./miniprogram_npm/@vant/weapp/overlay/index",
        "van-picker": "/./miniprogram_npm/@vant/weapp/picker/index",
        "van-popup": "/./miniprogram_npm/@vant/weapp/popup/index",
        "van-row": "/./miniprogram_npm/@vant/weapp/row/index",
        "van-sticky": "/miniprogram_npm/@vant/weapp/sticky/index"
    }
}