{
    "usingComponents": {
        "step": "/components/meditation/step/index",
        "text-fold": "/components/meditation/textFold/index",
        "practice-feelings-in-detail": "/components/meditation/practiceFeelingsInDetail/index",
        "practice-other-info": "/components/common/practiceOtherInfo",
        "go-app": "/components/common/goApp/index",
        "dialog-box": "/components/common/dialogBox",
        "get-user-info": "/components/common/getUserInfo/getUserInfo",
        "book-player-bar": "/components/common/bookPlayerBar/bookPlayerBar",
        "page-header": "/components/common/pageHeader/index",
        "vip-dialog": "/components/common/vip/dialog/index"
    }
}